,,Data,"Uniform Distribution"
14,14,4,0.111111
21,21,3,0.111111
28,28,6,0.111111
35,35,3,0.111111
42,42,5,0.111111
49,49,5,0.111111
56,56,3,0.111111
63,63,4,0.111111
70,70,2,0.111111